star_id,sobject_id,source_id,teff,e_teff,logg,e_logg,fe_h,e_fe_h,mass,age,alpha_fe,e_alpha_fe
19105568-2100506,170506005401022,4082106625174245888,4331.279,62.12057633713582,2.3018606,0.1413579457067723,0.045015335,0.0634075400095805,1.03682,10.7837,0.009267613551692,0.007764530617788
16342563-1941186,150411006101146,4131244418285526784,4346.936,62.1111478354112,2.2580898,0.139868211843794,-0.04123974,0.0633968726501583,1.02644,10.6403,0.0329376209396185,0.0078075087591709
13505779-1233240,150428001101099,3612407180605403008,4384.738,62.03309359527889,2.370635,0.1436106208842875,0.034132004,0.0633703207131214,1.0553,10.2175,0.0702974921858288,0.0084812151415053
22534544-1351099,151110001601017,2603136522274217728,4372.512,61.84247200353256,2.2440572,0.139390876318864,-0.15859938,0.0632926626727712,0.98914,11.0467,0.0419787587873698,0.0076853363660403
19350384-2753159,151008002101028,6765055974942997248,4474.042,62.00493746873671,2.3248382,0.1445674035003653,-0.0671401,0.0633415347529115,1.07553,8.75618,0.0478389296234525,0.0064862114052957
19161272-2017242,170507011101145,4082929059871773056,4409.9155,61.84832372466569,2.3344803,0.1410652066485444,0.12896013,0.0633030778852948,1.06334,9.46549,0.0041249391361966,0.0074518464913423
19000735-1808120,170510006301184,4086651589618585472,4340.601,62.10853748378565,2.2815058,0.1397010923188236,-0.15090656,0.0634009508703084,0.973722,11.6079,0.1151589392982081,0.0078667861133919
13274826-1622033,160403004201383,3604658539911447168,4459.0347,62.065813758946206,2.3117301,0.1405520381960036,0.115790844,0.0633768029995217,1.15156,7.56242,0.0160669147489226,0.0072138832490972
18494759-2808120,170510005801159,4071890164982944256,4377.334,62.15155656866359,2.3153293,0.140502674190862,0.2035551,0.0634240025986776,1.08113,9.10127,0.0772718736059185,0.0078757921182324
16023250-2445556,150427004802335,6236025405494149248,4350.744,61.80576229438651,2.2488995,0.1411075565004594,-0.03478527,0.0632820079895878,1.02551,10.5902,0.0128320018130604,0.0073258762413073
19195380-2600560,161006002601192,6769129425011626240,4512.8296,62.17735875911642,2.3893058,0.1402203662388746,0.13283443,0.0634271735362862,1.00705,10.3536,0.0744205278294455,0.0095054645622713
19163508-1938195,170507011101208,4083808978403487104,4423.5254,61.83621354983869,2.3205621,0.1417546776456105,0.1385479,0.0632965734677938,1.09265,8.70051,0.0216280499904036,0.0073449028359969
16263090-2823130,140810002201122,6044235839910093056,4447.519,61.947175130335125,2.3168025,0.142178838174978,0.041920185,0.0633287836309304,1.11227,8.22156,0.0707257050866482,0.0083148251627867
15562127-2310055,150607004102167,6237348324133142656,4453.0547,61.81858436107524,2.3795085,0.1400573704159355,0.06935787,0.0632940000296744,1.04974,9.74953,0.0759141221338158,0.0078671708938042
19201872-2649157,161006002601105,6768947249678426624,4445.0786,61.79781594872525,2.336405,0.1389894152108468,0.18135214,0.0632771133197219,1.22237,6.72521,0.0129735205621468,0.0061127593759088
19145539-1730001,170506006401077,4087631632436499328,4486.41,62.16821667200316,2.3431618,0.1430370850595447,0.053831577,0.0634174987171512,1.05417,9.0408,0.038333385140455,0.0080183590745913
19281661-2521123,160529005901089,6766607866889889536,4486.851,61.83958477769249,2.300413,0.1408735366136473,-0.09414482,0.0632892184021755,1.09595,8.19641,0.0185765777082785,0.0067670763100686
19020041-1833341,170510006301123,4085864000017936640,4449.8325,61.82987728757719,2.3003423,0.1389356256821792,-0.12769127,0.0632867959768306,1.03706,9.71896,0.0628001312063334,0.0067950959049023
19091382-2314240,170506005901215,4080499482770127616,4397.253,62.049688266067896,2.206999,0.1483988147144081,-0.015363216,0.0633670630616617,1.08277,8.91611,0.0813036495381473,0.0076007448434935
19071943-2948560,170603006601077,6762160204923029376,4540.3247,62.0097091585688,2.3376522,0.1410240524633714,-0.08199453,0.0633365593606794,1.08824,7.89263,0.0245804220432221,0.0072090577240824
16364564-2244563,150411005601097,6051192273877847808,4537.617,62.159079319902176,2.3569093,0.140781012278043,0.1039505,0.0634008953520648,1.21836,6.35561,0.0888083480222901,0.0103033903722127
19102144-2348294,170506005901120,4080405646324098688,4517.0024,61.95671236261704,2.3605337,0.1421770935586109,0.14354038,0.0633246876444764,1.09941,8.20631,0.0404512385082123,0.0078308810277733
22430998-1457562,150827003401348,2596811723369940096,4423.8447,62.08645390207904,2.2192109,0.1394949365775605,-0.19996929,0.0633668238754286,0.993821,10.442,0.0189593696471922,0.0066137753982496
22032894-1248419,160531005101034,2613252205344119936,4434.01,62.01599013629685,2.4297998,0.1392250314163112,-0.15849829,0.0633525422646241,0.995528,10.6862,0.052509994990738,0.0073693638349186
19241404-2443562,160529005901212,6769612866530340224,4489.4062,61.93591159790147,2.366772,0.1426995874163262,-0.1694889,0.0633099615193355,1.0375,9.38522,0.0266972385906992,0.0069991656754553
16122241-2238124,150413005601103,6242638104633545344,4505.132,61.83930615287259,2.3756988,0.1405135430087081,-0.088820934,0.0632898926680425,1.05489,9.07157,0.0745990743054397,0.0070499359831272
19170473-1942598,170507011101192,4083816262677304704,4503.9214,61.855746635127936,2.3456392,0.1397339477384754,0.122932434,0.0632933977657321,1.1162,7.77452,-0.0269681886531205,0.0072846311920203
16022890-2458104,150427004802343,6235916068498449792,4399.9536,61.87245927206179,2.3912146,0.1483411564817147,0.21147823,0.0633163454715311,1.06233,9.82143,0.0459647682751474,0.0073677510021658
15561445-2530230,150427004802202,6235684041486742784,4441.747,61.79099967337403,2.2067342,0.144738854107101,-0.015347958,0.063274063314049,1.11053,8.06241,-0.0053908176939577,0.005442831664247
19184306-1700307,170830002801060,4084764419658143232,4522.507,62.29054494210787,2.3479786,0.1385853269989489,0.17863035,0.0634269891310944,1.32332,5.68535,0.0172843838151439,0.0092079837166813
17471688-2210395,170507010601226,4117034123963169408,4526.9585,61.87217983603848,2.4681287,0.1391297834752756,-0.08546877,0.0632916731112999,1.09968,8.11107,0.0399901951898143,0.0062933064693996
19250833-1838355,161013001601132,4083612784302205312,4472.6377,62.05073002299562,2.2775624,0.1412509466938994,-0.092428684,0.063351922398665,1.10294,8.15257,0.0318979458854542,0.0067399659333598
16554601-2110035,170506004901310,4127130939137550080,4525.464,61.98282241350285,2.454929,0.1390784604832029,0.1860652,0.0633507224448378,1.07561,9.86338,0.0202374351858332,0.0071592237089091
19272657-1823184,161013001602068,4179651654653195392,4510.64,61.869702765250985,2.3045785,0.1429738753722583,-0.040940285,0.0632958395351134,1.12268,7.60801,0.0556451369589664,0.0079626990218911
19153998-1924432,170507011101223,4083863163721317120,4548.2734,61.80263269284941,2.3450336,0.1392699275086808,0.12478495,0.0632739861301333,1.26021,6.12673,0.0503997259982462,0.0093366527146437
19005035-1759125,170510006301205,4086660385711596032,4451.7954,62.10665443895304,2.3305902,0.1405769699951201,-0.07574272,0.0633843287015649,1.04146,9.70297,0.0551626951370686,0.0073098497590938
19194524-2238319,171106001901385,6771077995834925824,4488.722,61.83526233543667,2.3465457,0.1406251860439081,0.16144562,0.0632908338878225,1.09468,8.29136,0.042037399170441,0.0080328925843779
16214251-1557525,150604003902278,4328126990444846976,4496.232,61.91805856059498,2.3431473,0.1400558076465723,0.057635307,0.0633165323589796,1.04913,9.04515,0.0649075149622878,0.0068606220008589
16004694-2025145,150427003302054,6247078898962318208,4557.2334,61.84573601442782,2.3875024,0.1406071480213686,0.039084435,0.0632915301629469,0.999791,10.1035,0.0628049345821922,0.0070456470977897
19003331-2703134,170603007201194,6763630629931325184,4505.833,61.98133995258491,2.3337905,0.1418816142657598,0.16231823,0.0633252048901169,1.35222,5.4557,0.0546181226760025,0.006867358557474
19195866-1910275,170507011101336,4084213525667921920,4536.887,61.84926927342814,2.3365855,0.1426575665959796,0.13487768,0.0632869275108195,1.28131,5.92981,0.0802804614740088,0.0092354883593041
19160155-2012438,170507011101152,4082933320479380480,4536.466,61.96234660711022,2.34767,0.1447016522742958,0.05749321,0.0633204814228386,1.06301,8.59248,0.031568400609661,0.0090527130862527
19140019-1602235,170830002801223,4088119575081106304,4575.314,61.91005715694027,2.4694853,0.1385066650728767,0.11377907,0.0633217653436071,1.08296,9.36841,0.0167696663144985,0.0092010407757454
19270375-1830009,161013001602084,4179642721120760576,4470.158,61.82681663136145,2.3554807,0.1452570275468965,0.015601635,0.0632884229089484,1.06302,9.10471,0.0175439101679371,0.0060889815382827
19235811-2503213,160529005901189,6769585275659862272,4503.279,61.81347826172311,2.3575873,0.1390831445102059,0.019616127,0.0632843361548817,1.02127,9.72111,0.0234945647062432,0.0072410308899045
16492497-2444165,160816001701256,6046818867612650240,4622.1274,62.12410696564096,2.3924859,0.1391236866207361,0.06063986,0.0633564465952762,1.62891,2.97772,0.069238285801919,0.0082816554861366
16365444-2749198,150411005101225,6044457219707153408,4822.3047,61.93110871611244,2.3317308,0.1423680756786167,-0.004143238,0.0633021001621628,2.77759,0.527895,0.1265914056584982,0.0089504108407886
16124215-1624396,150427004302344,6249809536085900928,4599.0566,62.15977768376009,2.3929389,0.1408310575604249,0.070697784,0.063378647217438,1.26978,5.55658,0.0589041527458049,0.0101065698076691
19194143-2818076,160531004601279,6759774539562809728,4544.603,62.06867396455039,2.400381,0.1408963127914533,-0.101605415,0.0633729688179126,1.06851,8.54333,0.0376917509840719,0.0072377818931038
17521099-2226354,170507010601003,4070419675663741056,4549.563,61.83793532396275,2.3429291,0.13826195362628,-0.0037636757,0.0632870621723757,1.03856,8.65674,-0.0085973246683624,0.0066673074211286
19205869-2637516,161006002601091,6768957591954258944,4546.7935,61.93933714005191,2.2301586,0.1565979045729815,-0.03638029,0.0633055825665361,1.2071,6.61376,0.0394261061419482,0.0070880133904296
19021756-2632139,170603007201260,6763763705195822976,4593.834,62.24055582250702,2.3416226,0.1400479211472846,-0.082482815,0.0634005637696983,1.12091,7.08462,0.0121134903678905,0.0078581836637198
17521322-2209405,170507010601374,4070462483494105600,4546.8677,62.04453620848674,2.3198915,0.1426089996315112,0.05256605,0.0633311063463969,1.18996,6.79499,0.0154768183311387,0.0078924866182822
16565930-2513083,170509004201094,4113009808248979072,4495.338,61.945151783114135,2.224723,0.1410077664972102,0.0020065308,0.0633072427155446,1.14252,7.55253,0.0712340541178686,0.0073754473536282
19163090-1959276,170507011101161,4083031829848793728,4563.5645,61.88202822518456,2.3355474,0.1433753213782101,0.012800217,0.0632939008964346,1.09698,7.73161,0.0190067330813133,0.0069952677122145
22271694-1050384,150603004801333,2602833916058534784,4562.358,62.11483586565634,2.4096718,0.1397409604811751,-0.09383297,0.0633971987482137,1.04816,8.98294,0.1028655577227155,0.0078644356884282
22432299-1549395,150827003401045,2596545297958730496,4599.0093,61.85817219157141,2.36753,0.1403914468726651,0.017444134,0.063287266601066,1.01018,9.3708,0.0247646378842199,0.0070070676392925
19282347-2834147,170506006901234,6764750860469344384,4564.506,61.89667419365514,2.3690312,0.1380660902818056,0.001475811,0.063307784466215,0.9811,10.324,0.0227297680573828,0.0081360053172406
19224441-2019194,171003001601162,4083147965761073664,4627.549,61.843056990018056,2.3220706,0.1390521079882907,-0.15057087,0.0632815114788782,1.17351,6.64916,0.0299816587427526,0.0056965720496774
19151415-1933464,170507011101207,4083859384149619456,4600.1787,61.8988509882103,2.3532321,0.1445673512650335,-0.10436249,0.0633052267881248,1.05558,8.13714,0.0086257973118719,0.0057946594771011
16245432-2856077,150607003602126,6038180279620709376,4546.3633,61.80337010864452,2.304746,0.1384078873475235,-0.014951706,0.0632737662443973,1.15887,7.25406,0.0078279873819986,0.0067479277169795
16095136-2537344,140711001301183,6043535068743871744,4568.526,61.81640397693022,2.3117397,0.1405652322969757,-0.14529514,0.0632796745198738,1.13906,7.02551,0.0275507442619581,0.0061134999391638
19220589-2020187,171003001601169,4082776257808490624,4641.6353,61.95615258552462,2.3486528,0.1412337379385495,-0.10099125,0.063307319922031,1.14855,6.56586,0.017188870677403,0.0068110758396793
16511609-2458119,150411004602099,6034811513453757952,4590.9795,61.8009121512605,2.3151443,0.1395906412260034,-0.18156004,0.0632746834169588,1.1494,6.8537,0.0355206945247428,0.0048580852870048
19030218-2421141,170510006801004,4074314489347597568,4604.495,62.22120952515631,2.3548648,0.1391816135788198,-0.037172318,0.0633974649177339,1.05963,7.9986,0.0093649771223334,0.0083481587314594
18543290-2840014,170510005801052,6761928551581691008,4613.8247,61.96741404779393,2.3498294,0.1406869703446345,-0.06157875,0.0633081526809809,1.12587,6.94876,-0.0186676197819322,0.0066705422863209
22385475-1501202,150827003401237,2596843364393779072,4595.3193,61.88849600117448,2.4555817,0.1405002265784841,0.122627735,0.0633077232532827,1.03015,10.1544,0.0348596880184497,0.0074502189644861
18580870-2413422,170510006801215,4074481202803904128,4651.3745,62.21109414141226,2.4321177,0.1401067560931764,0.079836845,0.0633896493453732,1.28992,5.218,0.0389490353309736,0.0070547150491168
16385991-2751160,150411005101141,6032527071875845760,4545.9204,62.285435536731846,2.2528443,0.143021480225192,-0.041226864,0.0634068527368649,1.16252,7.16365,0.0575531337987115,0.0091196094125899
19222836-2024287,171003001601159,4082771898427061504,4631.545,62.33682841081118,2.2557805,0.1459753616998997,-0.13339663,0.0633950840857449,1.27053,5.60835,0.009301383841064,0.0073324617161142
19105485-1656397,170506006401204,4087919051648711552,4593.2666,61.91451083261752,2.2780087,0.1390053546988385,-0.18410635,0.0632998493239724,1.13803,7.09293,0.0826070478198024,0.0063554550058422
16351222-1709053,150411006601084,4324155245209566848,4575.246,62.085854122994654,2.2048676,0.1418253096256557,-0.5493064,0.0633431922536966,1.02755,8.3815,0.2431998493306639,0.0062039784015846
19161792-1619247,170830002801182,4183938066380835072,4527.853,61.87869605900782,2.231316,0.1392003624066403,-0.13096619,0.0632970191817246,1.1203,7.51441,-0.0021506089008694,0.006713476899677
18275601-2349389,170510005301112,4077416349141236736,4552.7603,61.91731568394581,2.3549607,0.1376949414231632,0.0148386955,0.063301528637671,1.13149,7.0574,0.0046871469741674,0.0073186416669793
16375499-2010257,150411006101062,4130971705043824512,4569.831,62.02200948372119,2.3570979,0.1409201353252996,-0.08730221,0.0633444761506382,1.02943,8.85841,0.0578718153580041,0.0070021391891763
19212443-2228097,151009002101174,6772576359605661056,4602.9434,62.20582224810909,2.3300393,0.1414845823285452,-0.07695341,0.0633910292380945,1.1397,6.94063,0.021810358989571,0.0070008618613594
16025374-2246228,150703002602001,6243156700469237120,4591.361,61.79050571043911,2.3690958,0.1532012349733944,-0.04383135,0.0632712276151797,1.04455,8.64787,0.034075580455453,0.0055948396711962
17465394-2458482,170413006101265,4068028478366718208,4613.586,62.34037493247576,2.3485043,0.1435782560282729,0.0388422,0.0634057639499113,1.35678,4.97675,0.0280334335808194,0.0083213798510456
13373091-1055392,160403004701241,3616746368884689664,4573.9443,61.88935739511512,2.3755944,0.1401584358576702,0.086055756,0.0632971373514242,1.06917,8.50395,0.0688315257625188,0.0079188663780265
17285761-2007419,170507010101245,4121262639473971584,4630.631,62.27927101529694,2.3750145,0.1400509876838279,-0.0207057,0.0633966961698896,1.22667,5.73816,0.0533502801239223,0.0081131553779385
19270404-2538012,160529005901115,6766502897885640320,4593.6006,61.88981328474049,2.4120498,0.1428538809078207,-0.07877445,0.0633102149397908,1.02984,9.14797,0.1391280548120455,0.008352174088707
19290418-1928130,151009001601112,4083265991461353600,4609.2563,62.19861163868111,2.3681996,0.1390348884897019,-0.018966198,0.0633753236115434,1.08788,7.60272,0.039676043257882,0.0075307994948001
16540351-2445035,150411004602398,4113270976607745920,4580.607,61.91707312094941,2.3518982,0.1422568914023363,0.090687275,0.0633011754972754,1.292,5.59527,-0.0079821255492376,0.0076031301098876
16002349-1710380,170603004601007,6250188386563309312,4569.1553,62.23060717835377,2.32363,0.1393718757880578,-0.041024685,0.0634128231267705,1.16055,6.94793,0.0745167967646157,0.008088278733043
19155760-1637203,170830002801130,4087852325035577984,4609.8164,61.85384486270432,2.4013152,0.140815293059921,0.13122463,0.0632847159627723,1.65716,2.91468,0.0067400241238443,0.0070657214689895
16515250-2224009,170506004901168,4125844407456065792,4616.9526,61.94859866611129,2.3125556,0.1387125156397184,-0.21807241,0.0633151320172284,1.149,6.7903,0.0383893460420315,0.0058362872970577
15584868-2308175,150427003802130,6237174154621268096,4704.6274,61.824837308306186,2.4643176,0.1575386335549384,-0.08745623,0.0632805221621285,1.00755,9.37218,0.0914346437158889,0.0055067209395008
19210181-2549318,161006002601326,6769137808787716864,4632.325,61.98295438869825,2.4328473,0.1405778773587032,-0.09703922,0.063343333527504,1.0341,9.0122,0.0063602887844267,0.0065642800313761
22030399-1218242,160531005101378,2613331262806428288,4623.2524,62.33689622974535,2.351255,0.1446175877068247,-0.12377024,0.0634287983964352,1.07139,7.70621,0.1116426838984032,0.0081556463406134
19283627-2910192,170506006901110,6764505463217672192,4561.73,61.85804256652292,2.2814562,0.1390782652840891,-0.09563637,0.0632892301327904,1.14722,7.22442,0.0273939785230011,0.0065450308940606
16002913-2446132,150606003902304,6236119929130188032,4585.6436,61.82447615203229,2.3795505,0.1459637882153615,-0.13665342,0.0632852275529485,1.04912,8.4559,0.0613368456355784,0.006460094567582
19233800-1936217,171003001601266,4083401540632172288,4582.3506,62.25584068700077,2.4838989,0.1388897208094666,-0.20104933,0.0633954830967796,1.05183,8.74418,0.0302848109969935,0.0065497032179043
15584159-2622432,150427004802124,6235380954236279552,4655.525,61.83339605935038,2.3625693,0.1426790505297342,-0.18637705,0.0632821674799676,1.02674,8.32018,0.029187063463489,0.0051753230248828
19245287-2529187,160529005901154,6769501953293870336,4590.2026,62.06242362001243,2.3951688,0.1420880280019957,-0.06934261,0.0633753631830126,1.02988,8.99513,0.0404658690871058,0.011261047063761
16024702-2258444,150703002602017,6243127529051198976,4673.921,61.80139151133468,2.368607,0.1472103510301627,-0.13637972,0.0632742003265549,1.04869,8.10236,0.1201510932899439,0.0055376996064099
18561917-2659327,160419005701102,4073514251045823872,4612.5654,62.23618611399191,2.4646912,0.1398663502889189,-0.18943071,0.0634273865932725,1.1206,7.10634,0.0129076187611254,0.0072677674388439
18194198-2612226,170411005101271,4052985093338866048,4627.461,62.332588398736775,2.2949467,0.1665838658571233,-0.05851841,0.0634088179157699,1.22048,6.17131,0.0123845198376686,0.0083837064750124
16273562-2855052,150607003602078,6044127258834656128,4579.0654,61.832109016218666,2.3449109,0.1446322918986641,0.15568256,0.0632794528759744,1.98865,1.61971,0.0721358972642531,0.0068952017161261
19291019-1811358,161013001602017,4179671308423876480,4587.8477,61.88591978177576,2.4054625,0.1410480946625722,0.13776064,0.0632932345289347,1.17403,6.93061,0.0609733735637712,0.0081300375820216
16350843-1658071,150411006601082,4324347384865515392,4625.336,61.86846629449259,2.3756602,0.139122041422357,-0.029509068,0.0632847124555309,1.17727,6.21661,0.0596881676034752,0.0065328109107626
18583662-2510471,170510006801117,4073979653705375232,4591.512,62.3282232818402,2.296392,0.1545342467720962,0.04605913,0.0634366363053301,1.25058,6.13584,0.0095236250041065,0.008402615411068
16290778-2836263,140809001601035,6044161622875330176,4478.9067,62.01896923765526,2.4922626,0.1393002447069887,-0.10713816,0.0633446443834947,1.0026,10.7704,0.0392519695427976,0.0082817143072384
21594734-1227157,160531005101202,2613504057930681216,4664.6284,62.07180237170382,2.342599,0.1493920684043602,-0.06324196,0.0633372495374636,1.15824,6.65705,0.0405012158774661,0.0071069508131647
16214420-2523070,150412004601192,6048614232650446336,4597.7607,62.08929840567043,2.3087933,0.1407493400619739,-0.01688242,0.0633369637786993,1.23081,6.23934,0.0571267636848716,0.0072165076420233
22400794-1520103,150827003401221,2596818457878632448,4636.2246,61.88299173411328,2.36775,0.139837861492282,-0.050093174,0.0632890161365586,1.12375,6.92137,0.0449948084760723,0.0063065325599579
19004262-2326331,170510006801318,4075374830879605504,4633.034,62.34361827211042,2.2295783,0.1413261022167546,-0.17488861,0.0634028107131841,1.20738,6.16292,0.0192316604856645,0.0073387991061482
13253588-1635145,160403004201015,3604464171167357568,4616.8613,62.12793504832559,2.375974,0.1399779781846154,0.0047063828,0.0633513942961689,1.08522,7.80412,0.030551340520494,0.0076922605349212
17315550-2007461,170507010101310,4121391694628949632,4616.8276,62.12651255064572,2.3467383,0.1411487802491497,-0.062069893,0.0633568132815,1.13254,6.86079,-0.0073635450005182,0.0078066144434641
19382990-2320560,151008001601282,6768663644395869696,4595.357,62.25109583636224,2.3342972,0.1423557091433371,-0.0015296936,0.0634017936029033,1.1865,6.52582,0.0240137440900169,0.0079013800142875
16021120-2522552,150606003902375,6235827355950405888,4647.79,61.80374507403555,2.331917,0.1457684913276213,-0.023840427,0.0632717596590207,1.2524,5.69423,-0.0062412521391862,0.0050278968962334
16522844-2155293,170506004901206,4126987830824033152,4618.253,62.19729225725383,2.3106267,0.1405627907064759,-0.039862156,0.0633806423402727,1.25397,5.91211,0.0494829013744067,0.0069335655445186
19254845-1821405,161013001601133,4179695940055110400,4662.4976,61.8712193549505,2.4125183,0.1396502233027377,0.024996758,0.0632819197741894,1.22379,5.75359,0.0067190141967239,0.0063640739855468
19374115-2424140,151008001601136,6768048708157877120,4650.0186,62.32257881637328,2.3944418,0.1477350051715909,-0.04383421,0.0634417580163496,1.01084,9.20343,0.0504755096832191,0.0076526401175871
13364083-1118361,160403004701197,3610686341828826112,4597.268,61.931247268507605,2.427472,0.1414187135124317,-0.4492488,0.0633046342634265,0.979726,9.85393,0.2001984176718275,0.0061124535677884
19283792-2536308,160529005901084,6766541135981430272,4629.2036,62.063618650261496,2.3343387,0.1403218036023933,-0.11567879,0.0633333428071599,1.16322,6.57739,0.0335851250208584,0.0068727206761769
17485501-2130585,170507010601291,4118572065837092736,4660.905,62.03201494984,2.333898,0.1398777610108591,-0.07897568,0.0633199027999267,1.25716,5.67448,0.0120419257126861,0.0065848112270619
18582821-2541273,160419005701342,4073770609054928128,4627.82,61.92513934474212,2.3125532,0.1385460170314383,-0.19227028,0.0633042639296575,1.15957,6.7876,0.0231760563771708,0.0069991528187079
19255847-2526586,160529005901142,6769511883258096768,4648.7827,61.91098416353067,2.4215472,0.1436464547524825,0.100162506,0.0632955798310779,1.51438,3.63431,0.0211028903774869,0.0067454316952019
19253892-1959320,171003001601390,4083139581985682048,4659.196,61.92638955934665,2.371312,0.138382310349878,-0.05410719,0.0632935800072986,1.21486,5.75564,-0.0372569878987012,0.0060779062297818
15561522-2521498,150606003901216,6235690535477830784,4623.4653,62.15336159610818,2.4461882,0.1388389659858633,-0.43429756,0.063365964202862,1.00794,9.14799,0.2579453400304822,0.0063622067957973
19014575-2457155,170510006801056,4074194913149985792,4579.5654,62.26428194390462,2.350304,0.140286534279264,0.008555412,0.0634151181573577,1.10437,7.36824,-0.020412224067778,0.0075226626359991
15592900-1710153,170603004601010,6250180483823384064,4626.4946,61.85934991582203,2.3671603,0.1410559052116488,-0.07059717,0.0632890801421946,1.00192,9.22889,0.0211201953468342,0.0061506644494099
17431992-2026196,170508006401122,4119682091539033216,4563.195,62.00755421527565,2.3328977,0.1393093422607685,-0.08105087,0.0633341836167493,1.13918,6.98049,0.0541764894647324,0.0069004062338845
19300872-1928054,151009001601093,6869490578650460288,4671.027,61.99858559167566,2.3863626,0.1395150183128646,-0.027682304,0.0633169403848284,1.01785,8.92159,0.0363738784642276,0.0070264857850606
18450024-2454262,170603006101230,4073497483522411904,4670.035,62.30290762716197,2.3468478,0.1441572418544233,-0.051297188,0.0633987512825124,1.21205,5.89964,0.0047211681297165,0.0068413066858776
22032249-1156317,160531005101349,2613452106006587392,4611.528,62.16414857730907,2.3588352,0.1474770773650583,-0.019882202,0.0633781163846616,1.04982,8.40049,0.0125972672217509,0.0075659685681319
15573747-1957278,150427003302194,6246978637243441408,4669.3154,61.81312345827183,2.3751438,0.1448726733431986,-0.05607748,0.063273632315476,1.14664,6.69446,0.0192142853910316,0.0059455843624782
16012478-2322138,140609002101069,6237109730112516608,4630.4834,62.01323260182745,2.3002238,0.1442251632864049,-0.29407358,0.0633295990384233,1.11538,6.84537,-0.0040417132685669,0.0062294661352992
16110806-1639511,150427004302315,6249706628668709888,4662.3667,62.2358246567569,2.3015127,0.1437597829062232,-0.40306902,0.0634048640825322,1.11864,6.76215,0.0765873414953046,0.0079247861531918
18460751-2159561,170509006701352,4078945838506620032,4659.123,62.18149494992399,2.25057,0.1410137412717842,-0.2666793,0.0633591861853066,1.12678,7.06291,0.038808406331198,0.0064246114081487
15591403-2030384,150427003302103,6246746227975295360,4596.424,61.810828679605706,2.4164164,0.1410484191430542,-0.07353735,0.0632835349205135,1.02983,9.22282,0.0432467318630951,0.0063252308792655
18301885-2219133,170510005301331,4089996480145342080,4702.896,62.25814900317362,2.3975308,0.1418632018035734,-0.036575317,0.0633726988971079,1.23815,5.37292,-0.0080586108425031,0.00797642189896
16354121-2000498,150411006101104,4131033243335544960,4621.2183,62.10204993877508,2.3042276,0.1414238246359719,-0.061753273,0.0633348868813187,1.24638,5.9818,0.027968578466346,0.0068873956722164
19255279-2012518,171003001601034,4083118038429569152,4607.769,61.98023624712732,2.3290799,0.1397328735914366,0.010525703,0.0633064994556568,1.21915,6.2837,-0.0153998622590343,0.0069632984984582
19280221-2902104,170506006901131,6764697946471970688,4650.827,61.95455018295406,2.2762551,0.1468795020022202,-0.093135834,0.0632929392985876,1.34429,4.86254,0.0174179593147556,0.0058971353177891
16114186-1743065,150427004302083,6249384467465303936,4575.7603,61.83515702399946,2.386509,0.1397023541966858,-0.118962765,0.0632923334955238,1.02999,9.0704,0.0345857672383534,0.0074530960564687
16491768-2446379,150411004602228,6046818695813936896,4625.236,61.851012113391256,2.3875966,0.1475373936922852,0.07630205,0.0632813697075047,1.12285,7.61192,0.0124018021327808,0.0068106436202038
16103957-2602249,150606003401143,6043439243733193344,4670.7803,61.798700328283466,2.4474108,0.1384025378855254,0.044778824,0.0632803453704031,0.997241,10.4744,-0.0002303382575703,0.0064601999682307
16473593-2516489,150411004602154,6046701872702646912,4657.71,62.102641808799305,2.3574138,0.1407770693121499,-0.32902288,0.0633731297673972,1.09872,6.79713,0.0640047383807786,0.0064369230333691
13391694-1137190,160403004701108,3610460770146341888,4640.1953,62.12286181340063,2.3349593,0.1492000024160312,-0.1927805,0.0633691217826829,1.09179,7.39448,0.176737589704254,0.0072013350111939
13353650-1619290,150429002601281,3603970421727041152,4648.732,62.20616033548183,2.385844,0.1401508422078471,-0.021804333,0.0633631419975791,1.10632,7.30459,0.0355910595200517,0.0080657207448363
16120601-2217022,150413005601290,6242681677082212864,4673.398,62.01712984918551,2.3767745,0.158726019504626,-0.2504363,0.0633440028135538,1.05521,7.83138,0.0507735440352619,0.0072517256476729
17303448-2035421,170507010101193,4120999546960572160,4639.8584,62.17105162211174,2.37066,0.1393526430428392,-0.0059599876,0.0633601121914206,1.23775,5.65442,0.032142948057222,0.0077044581305284
19225288-2535226,161006002601355,6769543837815211392,4740.53,62.23024702509471,2.4356954,0.1445163115480625,-0.0014953613,0.0633553211187313,1.75347,2.24341,-0.0185631751846251,0.0073831816458222
18561166-2146079,170604004601006,4084773181404295168,4650.743,62.081123842937714,2.3428953,0.1398060317699731,-0.036977768,0.0633245242292695,1.31419,5.2005,0.0129014503011027,0.0074746882296906
19183158-1938024,170507011101331,4083072477420189824,4664.558,61.90614098773671,2.3794792,0.142165441182514,-0.03381729,0.0632902923959535,1.12373,6.95483,-0.0074781103787641,0.0065377213504936
16540755-2507192,160816001701377,6034747844854316416,4572.4204,62.06010631987794,2.3659246,0.1381907189660606,0.028854847,0.0633347104095029,1.11144,7.33418,0.0228389587412734,0.0081890537632784
16013966-2522214,150427004802364,6235831032452663680,4632.6924,61.82935734940023,2.311066,0.1400395274100704,-0.05550003,0.063275823774681,1.31086,5.29862,0.0168410407868639,0.0055067688600965
13205599-1643197,160403004201188,3604411115436272896,4633.279,62.09039060269983,2.3415082,0.1415471079468673,-0.2636714,0.0633580304695355,1.11193,6.88088,0.0611855489288145,0.0066261368497278
13524337-1211413,150428001101055,3612444392202227328,4631.6724,62.14157614624365,2.3753386,0.1429751638685473,0.0017986298,0.063355417735579,1.10125,7.56653,0.0197606816267294,0.0078795769771448
19020942-1835232,170510006301120,4085862964904028416,4672.531,62.25376008554479,2.3726342,0.1409340525581441,-0.011054516,0.0633904970818008,1.27996,5.18271,-0.0140648027269177,0.0082180713987878
19095008-2358455,170506005901128,4080308683144223232,4688.087,62.12968262149182,2.437702,0.1425178595615696,-0.070854664,0.0633861789569127,0.984133,9.96529,0.0221071949905653,0.0069902716776314
22335108-1244255,141104002301291,2601468563134876800,4718.568,61.82367324151332,2.4736276,0.1384171652100596,0.0005068779,0.0632836962266865,1.00458,10.4688,0.0502117194732971,0.0061773059855951
19113691-2331434,170506005901080,4080439108403476608,4706.095,62.07014892035406,2.4034011,0.1418356345611995,-0.07039404,0.0633359039142179,0.969036,9.99106,0.0441625200369404,0.0067400540737254
19282743-1743274,161013001601361,4179838434190586240,4647.9556,61.83975949227057,2.382487,0.1396051333821699,-0.03437519,0.0632797681258796,1.21184,5.75863,-0.0121059629526713,0.0067378201610552
16260406-2730026,140808001102293,6045170179976050944,4705.05,62.23036254284912,2.3249333,0.1448432437029537,-0.30274105,0.0633699442121724,1.12272,6.63956,0.0808141539712589,0.0069265107828018
16430284-2741513,150411005101385,6033998115352650112,4674.0483,61.993222607621,2.3042133,0.1417397900362882,-0.0046072006,0.0633003820229281,2.00446,1.45004,0.0194086916243625,0.0064196868258369
19252204-1827369,161013001601136,4083616907470880768,4662.356,61.86776726389508,2.3911192,0.1397110754620213,-0.03480339,0.0632827318939241,1.21968,5.62696,0.0234261835941452,0.005735576020389
16495372-2513516,150411004602116,6046786736945817600,4629.9004,61.82301113312174,2.2379916,0.1465173051383831,-0.15749884,0.0632759043618733,1.24776,5.80014,0.0055588496013866,0.0049709261464815
16101848-1751209,150427004302108,6249017578475462912,4668.9443,61.88076211803794,2.3845546,0.140411641144182,-0.044456482,0.0632884184686441,1.19679,5.91883,0.017526488557502,0.0068559510835632
18562278-2622526,160419005701111,4073618635933812864,4674.5327,62.32972750695551,2.409858,0.1410466869036288,0.012216568,0.0634075625354208,1.27038,5.22692,-0.0059810508961968,0.0083425589771542
19165376-1914057,170507011101246,4083894809040710784,4650.7896,61.930486359190986,2.3627305,0.1419606730548702,-0.030065536,0.0632973587299869,1.20206,6.00163,0.0688381991602662,0.0073450153332328
15590397-2047120,150427003302104,6246668162649242496,4707.4263,61.79729899851293,2.4143527,0.1393995211853973,-0.06312561,0.0632735308261721,0.944532,10.8547,0.0850026060225556,0.004888519193494
16492823-2525092,150411004602117,6034679400259474048,4736.5913,61.98475664276479,2.4187136,0.146891201921384,-0.027453423,0.0633052582634769,1.21833,5.85684,-0.0006418214672121,0.0065653722656405
19293097-2507239,160529005901033,6766628963769206144,4695.099,61.89389496283592,2.3673203,0.1391590900495042,-0.22446156,0.0632947081541303,0.986169,8.91372,0.0289169316610253,0.0057624644263854
19245776-2435022,160529005901226,6769708833278090880,4754.9824,62.15984440628652,2.4573414,0.1457390813631958,-0.008030891,0.0633248836286076,1.16702,6.80385,0.0147155377286091,0.006993147965605
16513840-2447574,150411004602012,6046824227732749568,4670.1387,61.81758005723806,2.3656008,0.1394438083698759,-0.16469765,0.0632783529625593,1.02196,8.35643,0.1089306563514738,0.0053905542018055
19134695-2231264,171106001901229,4080885720590008576,4746.2295,62.35591538941111,2.4026523,0.1404241942167082,-0.11444855,0.0633976984388972,1.06401,7.65439,0.0263430962587537,0.0073325786290002
16132442-2509433,150703003102361,6049568265144531456,4683.1904,61.88455071594236,2.3698413,0.1432388861360072,-0.19074392,0.0632940050156241,1.00258,8.72175,0.0227509557648673,0.0055275717656656
22085917-1412052,150901002401320,2600089603755054080,4740.0215,61.92430158742468,2.4038577,0.1398258838170745,-0.15538216,0.0632954058049508,1.14076,6.29381,0.0464238190735701,0.0062577897117801
19294814-2726514,151008002101221,6764966055511579392,4764.5635,62.25477424073466,2.477047,0.1412883395949702,0.014072418,0.0633866740391061,1.22377,6.04518,0.0537572047867408,0.0084103026450795
18580449-2542055,160419005701337,4073771124450875904,4720.967,62.2144334088254,2.4273345,0.1397845399581917,-0.021502018,0.0633696764194535,1.68793,2.47597,-0.0193826264412254,0.0083631339573042
17332861-2022353,170507010101354,4121392347465494784,4722.67,61.95452439545444,2.2993262,0.1413921271707846,-0.2069993,0.0632940181628115,1.54378,2.96934,-0.0224057364158671,0.0054085323441513
16530799-2522031,160816001701007,6034736815378204544,4684.69,62.14364452182784,2.3941422,0.1408551181921871,0.0076766014,0.0633462459368072,1.22291,5.57272,-0.0488348047319384,0.0074141646524585
16515038-2430508,150411004602327,6046838452664720128,4700.1245,61.88775137284368,2.3937788,0.1436930335328902,-0.033791542,0.0632856137374736,1.10855,7.194,-0.0069734420701326,0.0055805194193899
19263523-2915547,170506006901145,6758687225641193088,4683.676,62.059900904183614,2.3341928,0.1396324406642667,-0.10828209,0.0633160080869025,1.34098,4.84908,0.0100037609080126,0.0066322596081875
19043855-2633508,170603007201327,6764125478877311872,4639.8813,62.33595021711206,2.3591201,0.1428042531367033,-0.003227234,0.0634122452687186,1.1692,6.45289,0.0333665445081108,0.007328120815603
19215151-2903223,160531004601051,6759488151142835200,4674.6333,61.92247387650934,2.2376518,0.1418357761836346,-0.2856617,0.063295844857854,1.16006,6.55675,0.0302957502742666,0.0060950727452793
22010517-1143379,160531005101297,2613658573674133120,4689.745,62.29361571125374,2.432975,0.1771558063439335,-0.0893116,0.0634369180305556,1.0349,8.60673,0.0051263486371998,0.0073446949204097
16001523-2508458,150427004802306,6235898411893868416,4768.8726,61.84178708255808,2.3827376,0.160171083250865,-0.24677324,0.0632787022865144,1.05816,7.64228,0.1504509997056149,0.004952032378311
19273114-2438169,160529005901274,6769671621676284928,4693.6504,62.024333504624735,2.3463254,0.1403699436305716,-0.37170696,0.0633382098659422,1.115,6.50558,0.0844932369649012,0.0062481276447984
16275498-2854170,140808001101073,6044128019050958720,4760.688,62.21199034587551,2.4471571,0.1435965222476453,-0.014755726,0.0633388507149156,1.49013,3.42964,0.0461624578321883,0.0105087476039117
19192706-2647273,161006002601120,6768927797764207104,4642.2305,62.03986384194309,2.321837,0.1399823746460319,-0.17697,0.0633344794635119,1.15881,6.64238,0.0431122648353094,0.006443828279466
19272544-2428575,160529005901283,6769722817691748352,4668.2983,61.89980140178216,2.3599815,0.1393553983588009,-0.20689297,0.0632915223782291,1.08492,7.12803,0.1855468139339813,0.0059488509646851
19222281-2204400,151009002101270,6772623982203932032,4694.803,62.28998121757991,2.3991137,0.1481733949744176,-0.07253313,0.0634129517332458,1.04532,8.43515,0.036980100206165,0.0078723494081201
13223621-1654311,160403004201160,3604344113946077056,4739.039,62.014943165602425,2.4261398,0.1397118554054205,-0.05266142,0.0633180520505769,0.945604,10.7059,0.0387838560183024,0.0061085954939928
19231746-2545567,161006002601375,6769116398370649344,4736.938,62.07463809125269,2.446555,0.1418503310176612,0.0005517006,0.0633219342065445,1.28911,4.93954,-0.0424990090427362,0.0077711763169933
16013273-2219379,140610004401348,6243242015700144640,4727.019,61.98659428604023,2.378355,0.1469741938072919,-0.124818325,0.0633082363191902,1.14577,6.43873,-0.0270260582824476,0.0066616470515302
19281352-1747341,161013001602365,4179837540837380992,4777.7603,62.12715841784938,2.4161508,0.1514357262740188,-0.11049223,0.0633266615770507,1.14198,6.73477,-0.0118004551187899,0.0062268481036833
18562258-2627051,160419005701110,4073615023851034496,4738.8237,62.1817622097532,2.395719,0.1385665258126747,-0.389194,0.0634186837252109,0.996473,8.61117,0.0799064829439733,0.0064486511682524
19025575-1854223,170510006301099,4085805000025426560,4722.3604,61.99919159668556,2.374049,0.1410509103108333,-0.3312106,0.0633423567081389,1.00963,8.18988,0.1879043272250115,0.0072326242767161
19151709-1921238,170507011101224,4083867321249681920,4805.816,61.88723054501459,2.4272938,0.1400821128262213,-0.11021519,0.0632807896493987,1.00331,9.00723,0.0459273100542788,0.0051237095871889
13505106-1732449,150428000601020,6294294677030883456,4731.9717,62.01954237934287,2.4029064,0.1448066538965803,-0.09166956,0.0633172315178292,1.03445,8.42069,0.0129460846613521,0.0061968472731266
16135774-2507355,140608003701334,6049527583214277504,4654.6216,61.952019088791424,2.3028243,0.1419334803291475,-0.18272257,0.0633021875447705,1.15966,6.67516,-0.0095101322234082,0.0060252996991054
19315061-2456095,160529005901001,6768088737253398016,4786.7427,61.89336942334403,2.4319909,0.1383337230073762,-0.20646429,0.0632825179278267,1.25907,4.61909,0.0059397164010616,0.0055648273449091
19265352-1943329,171003001601366,4083238641108854528,4774.5146,62.21076672956816,2.4206529,0.1438698261116212,-0.10450983,0.0633455529067468,1.09403,7.31841,-0.0175910682959572,0.0064714289743898
19222345-2857396,160531004601036,6759493305103786496,4752.331,62.013030789061546,2.4031072,0.1392911449757345,-0.094893456,0.063308090389054,1.03358,8.16871,-0.0164259624228844,0.0059477819272192
18210271-2707212,170411005101067,4052321164473991808,4709.0605,61.927898246013086,2.3619943,0.1435674076954566,-0.099713326,0.0632952555279612,1.26886,5.16765,-0.0152427405208082,0.0061917866378427
16320223-1546206,150411006601255,4325366116746893440,4742.8354,62.1665960689468,2.4469013,0.1383078230363889,-0.03611374,0.0633344578740141,1.52586,3.28221,-0.0100018825108908,0.0070628463220758
19302791-1809457,161013001601009,4179575444752007424,4738.0776,61.89604993064687,2.421151,0.1400497864990861,-0.07101011,0.0632848344329318,1.24953,5.04068,-0.0083550437577101,0.0054784431701163
16504970-2543023,150411004602094,6034609890504910592,4726.7705,61.81752856699322,2.414825,0.1402066311417316,-0.070736885,0.0632738965542275,1.1966,5.7335,-0.0128851638150224,0.0051635612189957
17552368-2500199,170509005701383,4067430064781885568,4786.7104,62.19294248231348,2.446897,0.1414720199472819,-0.05525732,0.0633364440053832,1.42078,3.62048,-0.0211176291356219,0.0063773080114788
17484104-2310014,170507010601112,4068866615431429632,4716.679,61.95573108376751,2.3910651,0.1395552727063376,-0.18468523,0.0633145842964592,0.941178,10.2634,0.0394428345312761,0.0059255131653498
16232771-1654563,150604003902071,4324913221035845760,4735.305,61.852815324795216,2.3663769,0.1413520883304916,-0.19887304,0.0632807316837305,1.26301,5.07705,0.0332480130158729,0.0055035135478027
19031681-2730304,170603007201111,6763493603291247104,4730.854,62.028808891574286,2.365902,0.1437455937449321,-0.0996809,0.0633099799422835,1.53507,3.23502,-0.0277000134078589,0.0060438164794409
19163894-2819308,160531004601227,6759737980803204864,4673.6846,62.348441234361744,2.4112575,0.1490884377240234,-0.099936485,0.0634436142906376,0.995179,9.40502,0.0753552117630373,0.0078843782034427
16525466-2520395,160816001701394,6034739976474224768,4725.272,61.89915388122782,2.4028003,0.1435809069575154,-0.16362953,0.0632875643731126,1.23034,5.12809,0.0417750597352705,0.0058324850156985
16363739-1718123,150411006601063,4324135453999918464,4687.9736,62.08689662572887,2.3111236,0.1395969617264224,-0.19712543,0.0633249008417745,1.24023,5.75145,0.0123535708969567,0.0063699294944483
19310412-2501418,160529005901009,6766634250869506304,4696.0195,61.88751221144142,2.2906823,0.1469204463003457,-0.13554955,0.0632843241163879,1.91272,1.63017,0.0087856167848377,0.0062331335282702
19301198-1826087,151009001601333,4179473361970240128,4718.584,62.01562008120317,2.3995218,0.1401491349108783,-0.10362196,0.0633174515803352,1.16158,6.0764,0.0029404449112354,0.0060996506535495
16383917-2715443,150411005101285,6044593112475059072,4760.698,62.31803948164941,2.419465,0.1420335849214302,-0.1074729,0.0633839750968419,1.33522,4.27704,0.0020350939059873,0.0068989992532012
16390988-2825170,150411005101105,6032404781257377920,4740.8457,62.1887870389639,2.340755,0.143050546264529,-0.27176046,0.0633584051864302,1.21436,5.57947,0.0394673942287038,0.007370348364288
16533742-2543087,160816001701043,6034504539225196288,4751.702,61.94536870812783,2.4424171,0.1385462889668542,-0.07256079,0.0632972257678694,1.35422,4.04924,-0.0238973410167858,0.0063390470642416
16090649-2528553,140707001101197,6043728449652921088,4773.149,61.98037398623291,2.3575234,0.1641020111450685,-0.13386297,0.0632956942207113,1.15814,6.49139,0.0065942484952086,0.0054149437843496
17432474-2036535,170508006401093,4119670340415561344,4736.0464,62.43290592008319,2.2946737,0.1898973838701629,-0.37476778,0.0634170781978563,1.14695,6.48367,0.2064419208453776,0.0070464549031941
19231416-2525125,161006002601349,6769547686105961984,4833.8086,62.49222807060836,2.4255066,0.1413208178017087,-0.30236864,0.0634283945009127,1.24825,4.62071,0.0327349962442705,0.0065909581530166
19125979-1653020,170506006401212,4088003134239127680,4742.973,62.39812326236819,2.436355,0.139625565535936,-0.070682526,0.0633960552143164,1.22531,5.43776,0.0328650347839691,0.0068356216136237
19075421-2033194,170506005401383,4082376211684638208,4823.809,62.02670834902267,2.3980112,0.1400550174858657,-0.28458977,0.0633118161341803,0.963088,9.10359,0.15771013120316,0.0058722297471013
16220979-2210109,140813001601229,6052022856132728064,4753.935,61.8315954033429,2.380252,0.1389096497443704,-0.21908045,0.063279207074344,0.953982,9.5069,0.0309907664020935,0.0051807715588054
16125393-2445147,150703003102301,6049598364275598848,4747.9614,61.92737950380831,2.3864658,0.1474602963640892,-0.075512886,0.0632893112881558,1.29405,4.88626,-0.0081874115768081,0.0062173319755738
19142553-2550183,170509007201239,6769290022428914688,4811.3047,62.0897002849288,2.386795,0.1399781538849717,-0.33769846,0.0633478656656176,0.935249,9.59897,0.1943417579677862,0.0057984915828155
19261187-2006531,171003001601013,4083125219614901632,4789.7983,62.13700062064972,2.3953047,0.1398282973260505,-0.33506012,0.0633779135741664,0.916039,10.3682,0.1937643925619779,0.0059492794694202
18565989-2424593,170510006801187,4075203719383242752,4797.24,62.38592522121977,2.4626048,0.1411898461495921,-0.07763195,0.063381569740504,1.40129,3.71005,-0.0017899754143975,0.0073332344006622
19201236-2923543,160531004601105,6759382769827427584,4783.7324,62.00464968916438,2.4260802,0.1391766813330832,-0.17976809,0.063298971999956,1.20818,5.28118,0.0074882009007788,0.005791041075183
18445709-2323008,170509006701081,4078149723379228800,4795.73,62.14306784641432,2.4407978,0.140775935908264,-0.138062,0.0633233709260137,1.41615,3.5693,0.0036473294452646,0.0066498898619045
16200731-1931176,150412005601204,6245164026439939072,4724.502,62.372087994424376,2.3639,0.1447665856645499,-0.15409946,0.0634307854822512,1.16768,6.07674,0.0274675028298749,0.0068652501168654
16040422-2513051,150427004802373,6235848040522294400,4795.037,62.20974178555247,2.4350204,0.1467189109471248,-0.113713264,0.0633318771119679,1.12275,6.96697,0.006066078453209,0.0061232243993288
19253829-1834270,161013001601123,4083568013563088256,4732.9263,61.91509645906488,2.411304,0.1409458386549831,-0.032207012,0.0632891935641347,1.25977,4.96931,-0.0467286403984152,0.0059838089399215
18575996-2434297,170510006801157,4074435916667566592,4784.4116,62.12497132889709,2.4275367,0.1420659131184744,-0.12496519,0.0633398732567838,1.10991,7.01231,0.0055882855299551,0.006481447274119
18183529-2630288,170411005101217,4052599821951417472,4864.6064,62.17841667871846,2.4997103,0.1649449791198915,0.30533314,0.0633919950109268,2.87342,0.523645,-0.0082237989584268,0.008045243376998
19222652-2644471,161006002601068,6766031134381273856,4751.3687,61.951681743583,2.4283895,0.1399368410756527,-0.05319929,0.0632977778914026,1.08795,7.58144,0.0259095489419427,0.0073804046015866
18465372-2242568,170509006701017,4078480225362647168,4814.537,62.39681660790168,2.3803213,0.1431081555585722,-0.4065447,0.0634249702054517,1.07089,6.74195,0.164415901549994,0.0079191368340666
19364961-2412550,151008001601165,6768243149917762688,4806.122,61.98237290597745,2.436083,0.1450952032401415,-0.14806795,0.0633015510877124,1.35178,4.21587,-0.0009098471873232,0.0059464100328009
16494514-2514331,160816001701212,6046786397659081728,4740.609,61.915891292453765,2.3416853,0.1426703799771781,-0.16809797,0.0632905742862957,1.86465,1.68544,0.0278531081941494,0.0059775597597181
19185997-2901344,160531004601146,6759459117166381312,4775.1187,62.19905335656974,2.4046347,0.1468052643909622,-0.14140368,0.0633485165830031,1.08908,7.23583,-0.0074700348920388,0.0061134870526128
16245087-2900092,150607003602123,6038179454986967680,4794.319,61.86537597098508,2.4414747,0.1384365028856793,-0.15748739,0.0632803946292498,1.41801,3.54644,0.0494988485642351,0.0054855153228895
16093391-1749582,150427004302120,6249015448171746432,4779.781,61.966110906262855,2.3934786,0.1396391550585988,-0.20391226,0.0632963573091676,0.974469,9.10193,0.0470627941164034,0.0065145101204177
16244221-1854144,150412005601322,6245283224671215360,4792.9126,62.26971225274929,2.4373763,0.1389639687225838,-0.17407322,0.0633451284141901,1.38166,3.74205,0.0275723854537572,0.0066669776820874
16021512-2555257,150427004802036,6043643271867262592,4782.266,61.960868146428346,2.3431137,0.1512039523884423,-0.3499055,0.063305524095617,1.12208,6.35749,0.2043191484827669,0.005823065535916
22153433-1659174,150718004401054,6825990703194633600,4820.8555,62.12294961534516,2.3964071,0.1411314797349092,-0.34494972,0.063369102122052,0.930117,9.76983,0.1870397214717885,0.0065511781681874
16093863-1640509,150427004302240,6249713908635306496,4792.966,61.951540337108575,2.4481342,0.1411871175141645,-0.1612277,0.0633002278995122,1.30736,4.41367,0.0495702016923094,0.0058385085615973
19120948-2619107,170509007201177,6763267688006164480,4782.772,62.073522437911485,2.4009702,0.1394868668397689,-0.18693495,0.0633217772324203,1.0409,7.72945,0.0139953432140471,0.0069306127175333
16020528-2604317,150606003902052,6043263150079895296,4780.443,61.834342050611255,2.328669,0.2545057770140381,-0.09695959,0.0632762442679313,1.15993,6.97882,0.0134581891859056,0.0057913239584636
19205224-2239383,151009002101163,6771071884102553216,4837.6924,62.12651769143218,2.425333,0.1484777371806963,-0.07474184,0.0633453375064087,2.61553,0.61824,0.0159233198217908,0.0075267134046741
18562308-2441009,170510006801167,4074067648997626496,4825.416,62.129471185644114,2.464214,0.1412004363420352,-0.065167904,0.0633352375734552,1.05526,8.6021,-0.0070744522772105,0.0067242541548075
18485023-2802476,170510005801188,4071893948875710592,4795.4946,62.44003267209786,2.3596578,0.1414603622461177,-0.32944822,0.0634088814004375,1.2294,5.15623,0.0760912714270911,0.0070573544208045
16490099-2526200,150411004602127,6046689434476889344,4843.027,61.87199206901387,2.49445,0.1400301501202192,-0.12388992,0.0632819341368172,1.46183,3.24229,0.0440462448123214,0.0050076278183112
19281929-2514281,160529005901081,6766609722315811968,4796.897,61.84630061041381,2.425915,0.1390163573298424,-0.18201447,0.0632778861519557,1.12908,6.35149,0.026353938338685,0.0049102818028229
19240475-1939035,171003001601280,4083212802588513280,4859.082,62.29929052404842,2.4122798,0.1395835740853024,-0.24819136,0.0633992409903173,0.962014,9.21527,0.0415387644900602,0.0062924683521268
16242315-2813111,140809001601186,6044983507814885376,4815.902,62.00338526057752,2.40612,0.1424454253169033,-0.24974585,0.0633036467863084,1.02227,8.05097,0.0047418484939348,0.0068665231089916
13413760-1122504,160403004701009,3616449535104882816,4814.3765,62.11361100739918,2.4183178,0.141368747709433,-0.24683571,0.0633449976450026,0.911581,10.8148,0.0870143408492166,0.0069576484884991
19041776-2030003,170506005401215,4082355458408502016,4795.568,62.02247781026568,2.422021,0.1392542327419654,-0.17564726,0.0633055191575313,1.11369,6.54311,0.0145158887364373,0.0059040573380781
16492594-2543368,160816001701155,6034653870973526016,4903.1855,62.0313462448364,2.44936,0.1387424865953268,-0.3296113,0.0633325804499574,0.885463,11.5623,0.1207294648064582,0.0063220971059901
16563598-2507074,170509004201145,4113014270684091648,4821.301,62.02196898806038,2.4025102,0.1407447609236887,-0.95150995,0.0633417653458599,0.935625,9.62113,0.2593011520500472,0.0059303890671916
19012637-2354542,170510006801355,4074574420770211200,4788.646,62.136319050824326,2.4222524,0.139575148150743,-0.18069458,0.0633206554775998,1.42301,3.60936,0.0089221249844689,0.0059249945063847
16011941-2608356,150427004802070,6043264455746260480,4872.0986,61.8567571857736,2.3982596,0.1530458976511675,-0.4030943,0.0632854201273628,1.04192,7.36682,0.0300002600945978,0.0054941124755958
19050446-2712180,170603007201032,6763480821467957504,4808.2075,62.20542195070826,2.4354393,0.1424471306187009,-0.16640902,0.0633502109310949,1.11014,6.99316,0.0159937323213069,0.0064716740799611
18581656-2623267,160419005701032,4073664574899910656,4829.087,62.13962860660851,2.4333718,0.1387634530088081,-0.31006813,0.0633515806786053,1.31802,3.98296,0.035058085900979,0.0070284649963709
16343832-1940442,150411006101140,4131245758315313792,4770.8784,62.18109911417095,2.346589,0.1396482365714788,-0.3627324,0.0633293953840814,1.22531,5.45825,0.2108344466983781,0.007224527819254
18544056-2809547,170510005801020,6762086468933311232,4835.7827,61.98339902036589,2.4046488,0.140280778948187,-0.33768606,0.0633223136784742,0.902506,10.5062,0.0149117224121393,0.0065742412797264
16524230-2143510,170506004901227,4127000402183524864,4962.702,61.930711588724826,2.3531213,0.1435932851421924,0.17644644,0.0633063264886278,2.95261,0.500002,-0.0428412184365023,0.0084170259899704
19030436-2720324,170603007201126,6763500028551284480,4861.6553,62.30142253543352,2.4393594,0.1529682028921081,-0.06275606,0.0634032683578172,2.68117,0.57808,0.0111778420823827,0.0064752986341965
19212254-1945515,170507011101008,4083378347807932160,5003.7305,61.90732984636643,2.447305,0.1408141335978176,-0.5329881,0.0632934026990497,1.02377,7.64032,0.1386821951046155,0.0057878209209571
13510563-1221329,150428001101098,3612414533589436928,4833.101,62.06932002404046,2.4207222,0.1500332380840685,-0.3991437,0.0633385166356845,0.943454,9.42103,0.1824804458591231,0.0062325229226447
16504949-2558440,160816001701112,6034597246120907008,4855.1675,61.971029972199375,2.4734833,0.13848720103764,-0.10461521,0.0632954266553262,1.08105,8.072,0.0352683290689129,0.0057484691403323
19385543-2446267,151008001601103,6767954699913427840,4827.2354,62.35627111822119,2.4234915,0.1421774795505717,-0.23588133,0.0633913869910159,1.36212,3.86623,0.0311230234381123,0.0067535759755926
16024649-1957562,150427003302001,6247122741989257472,4872.807,62.02659866700105,2.405937,0.141505329141972,-0.3518877,0.0633117865800764,0.968278,8.76099,0.0345969634484237,0.0064056115529826
17333644-2046296,170507010101024,4118344363856155136,4822.4995,61.90742643917818,2.384274,0.1390444342677425,-0.4237752,0.0633049838540968,0.927571,9.55126,0.1242620434703329,0.0068734970788839
16535520-2245058,170506004901122,4125762150239482240,4833.387,62.1394575889625,2.496404,0.1393474966061218,-0.0019311905,0.0633348665002864,1.13677,7.62471,-0.007364679980842,0.0067448526295251
19235625-1924237,171003001601283,4083408751873050752,4842.792,62.09527745734923,2.4575243,0.139151613031319,-0.13207674,0.0633246694354884,1.07221,7.91019,0.0167266904295669,0.0060230057066506
16390439-2816561,150411005101113,6032409767728389120,4844.5176,62.218779319425806,2.4789836,0.1421462094169856,-0.12368488,0.0633498765174037,1.1919,6.09078,0.0079669389630657,0.0067450728111884
19371015-2405362,151008001601176,6768248505737838720,4813.995,62.3391615192783,2.4334805,0.1554884663786612,-0.12626886,0.0633790602800452,1.24691,5.53885,0.0015040192352365,0.0064682836619912
18591547-2439211,170510006801103,4074408562006324992,4848.902,62.07313032520704,2.4222543,0.1459052676976415,-0.30746794,0.0633370312785591,0.927811,9.98762,0.0244437925027834,0.0064618816543135
19153936-1728398,170506006401058,4087724889075227392,4836.328,61.93739281813409,2.4303784,0.1396851204986788,-0.2915759,0.0632964530142365,1.18259,5.30916,0.0473688705095914,0.0055382615271016
16114646-1632594,150427004302331,6249801702064774656,4878.085,62.26506318786345,2.4082866,0.1526876027738096,-0.3899727,0.0633775003613042,1.01248,7.93833,0.0621711011746412,0.0075852537734274
18284670-2217564,170510005301303,4089952667127345408,4857.3027,62.42088427791281,2.4141572,0.1408091336158086,-0.35860825,0.0634053047576557,1.08611,6.57128,0.0074993882243578,0.0076103361340438
16493570-2441161,150411004602240,6046820516879704192,4851.5938,61.87748797622921,2.3507574,0.1413203898932383,-0.46008587,0.0632823352201386,1.24748,4.93122,0.0462277952006039,0.0048419208880481
19111752-2944122,170603006601001,6759173759543892352,4880.1978,62.0194696627157,2.4983418,0.1570751677035692,0.0045838356,0.0633040563280435,1.53043,3.25113,-0.0818078304043988,0.0059644698703667
17503985-2255290,170507010601071,4068711000247109376,4970.0195,62.33719569843985,2.2912614,0.1456686409404063,0.063176155,0.0634132198934343,2.90755,0.500012,-0.0695455337320617,0.0084139866913125
18503514-2846587,170510005801113,6761589760242825728,4922.6587,62.07263127744576,2.4243302,0.1476928812347463,-0.43443632,0.0633429820157179,0.909724,9.84198,0.0081725463192114,0.0070934463611227
13273437-1636229,160403004201003,3604266941973766400,4940.685,62.14949809722893,2.463924,0.1445795336792926,-0.3330369,0.0633458435512255,1.4858,2.90448,0.0149273503692894,0.0067381160867975
18435285-2303080,170509006701095,4078453738338084864,4966.5645,62.37425414818797,2.2758145,0.144950104630671,0.104822636,0.0634284605884951,2.92794,0.500006,-0.1126125915775157,0.0087510656905419
19263925-2539595,160529005901122,6766501175602691072,4953.682,61.90482826720328,2.4109836,0.1447082516448953,-0.55911493,0.0632982836123892,0.992016,7.79057,0.0402044631034607,0.0057247146122019
18423065-2252391,170509006701147,4078425391576194176,5029.265,62.353019021936966,2.3226645,0.1629371503818325,-0.16582823,0.0634146504097311,2.80072,0.504416,0.0076618308966343,0.0085865170688787
22125823-1724419,150718004401159,6825879102764633728,4776.342,61.898735812042936,2.366165,0.1424753647903523,-0.4410591,0.0632996601592082,1.06229,6.92303,0.2142814647503046,0.0055282432306233
16231961-2824118,140808001101171,6038970725400566528,4877.5957,62.09869334734006,2.4658446,0.1380401461021388,-0.16739845,0.0633649933037376,1.02611,9.13374,0.075021002573178,0.0080215437619611
19163573-2842578,160531004601198,6759675613577632128,5038.199,62.38041726574397,2.448899,0.1438571720528722,-0.67568827,0.0634621344044484,1.43411,2.85876,0.2004797265540025,0.0092345715970047
